id,type,brand,description
8942,pants,mollitia,Consequatur nulla numquam voluptatem.
6373,hoodie,consequatur,Natus ut eius veniam ab eos.
8581,jacket,mollitia,Non voluptatibus odio tempore veritatis.
2800,gloves,maiores,Odio explicabo cum ipsa sit aliquid ut molestiae similique.
1264,pants,mollitia,Aut adipisci quibusdam quia aut labore beatae.
8030,t-shirt,mollitia,Suscipit libero sit quasi saepe.
1239,jacket,ut,A porro aut aut.
9736,pants,consequatur,Commodi iusto velit magni est sint.
6872,jacket,maiores,Qui hic ab eos.
4891,hoodie,consequatur,Magni et repudiandae voluptate ea.
7760,pants,ut,Molestiae a cupiditate occaecati debitis deleniti molestiae.
8683,gloves,consequatur,Occaecati ab ad aut consequatur et voluptate.
1240,jacket,ut,Explicabo quis tempora aliquid corporis doloremque aut non.
2303,hoodie,repudiandae,Sed sapiente rerum a consequatur odio eum tempora.
5830,t-shirt,consequatur,Quidem et et voluptatum.
6988,pants,maiores,Rerum non quia similique beatae est.
6646,jacket,mollitia,Totam est enim excepturi aut pariatur hic.
4951,jacket,repudiandae,Suscipit facere deleniti impedit accusamus non.
6371,gloves,mollitia,Laboriosam sequi quaerat illo earum distinctio et inventore.
3104,gloves,consequatur,Aspernatur fuga nihil omnis asperiores voluptatum facere fugit molestiae.
